{"c100/canonical_seg_v1_batch_v1_0.zip": "canonical_seg_b0.zip", "c100/canonical_seg_v1_batch_v1_1.zip": "canonical_seg_b1.zip", "c100/canonical_seg_v1_batch_v1_10.zip": "canonical_seg_b2.zip", "c100/canonical_seg_v1_batch_v1_11.zip": "canonical_seg_b3.zip", "c100/canonical_seg_v1_batch_v1_12.zip": "canonical_seg_b4.zip", "c100/canonical_seg_v1_batch_v1_13.zip": "canonical_seg_b5.zip", "c100/canonical_seg_v1_batch_v1_14.zip": "canonical_seg_b6.zip", "c100/canonical_seg_v1_batch_v1_15.zip": "canonical_seg_b7.zip", "c100/canonical_seg_v1_batch_v1_16.zip": "canonical_seg_b8.zip", "c100/canonical_seg_v1_batch_v1_17.zip": "canonical_seg_b9.zip", "c100/canonical_seg_v1_batch_v1_18.zip": "canonical_seg_b10.zip", "c100/canonical_seg_v1_batch_v1_19.zip": "canonical_seg_b11.zip", "c100/canonical_seg_v1_batch_v1_2.zip": "canonical_seg_b12.zip", "c100/canonical_seg_v1_batch_v1_20.zip": "canonical_seg_b13.zip", "c100/canonical_seg_v1_batch_v1_21.zip": "canonical_seg_b14.zip", "c100/canonical_seg_v1_batch_v1_22.zip": "canonical_seg_b15.zip", "c100/canonical_seg_v1_batch_v1_23.zip": "canonical_seg_b16.zip", "c100/canonical_seg_v1_batch_v1_24.zip": "canonical_seg_b17.zip", "c100/canonical_seg_v1_batch_v1_25.zip": "canonical_seg_b18.zip", "c100/canonical_seg_v1_batch_v1_26.zip": "canonical_seg_b19.zip", "c100/canonical_seg_v1_batch_v1_27.zip": "canonical_seg_b20.zip", "c100/canonical_seg_v1_batch_v1_28.zip": "canonical_seg_b21.zip", "c100/canonical_seg_v1_batch_v1_29.zip": "canonical_seg_b22.zip", "c100/canonical_seg_v1_batch_v1_3.zip": "canonical_seg_b23.zip", "c100/canonical_seg_v1_batch_v1_30.zip": "canonical_seg_b24.zip", "c100/canonical_seg_v1_batch_v1_31.zip": "canonical_seg_b25.zip", "c100/canonical_seg_v1_batch_v1_32.zip": "canonical_seg_b26.zip", "c100/canonical_seg_v1_batch_v1_33.zip": "canonical_seg_b27.zip", "c100/canonical_seg_v1_batch_v1_34.zip": "canonical_seg_b28.zip", "c100/canonical_seg_v1_batch_v1_35.zip": "canonical_seg_b29.zip", "c100/canonical_seg_v1_batch_v1_36.zip": "canonical_seg_b30.zip", "c100/canonical_seg_v1_batch_v1_37.zip": "canonical_seg_b31.zip", "c100/canonical_seg_v1_batch_v1_38.zip": "canonical_seg_b32.zip", "c100/canonical_seg_v1_batch_v1_39.zip": "canonical_seg_b33.zip", "c100/canonical_seg_v1_batch_v1_4.zip": "canonical_seg_b34.zip", "c100/canonical_seg_v1_batch_v1_40.zip": "canonical_seg_b35.zip", "c100/canonical_seg_v1_batch_v1_41.zip": "canonical_seg_b36.zip", "c100/canonical_seg_v1_batch_v1_42.zip": "canonical_seg_b37.zip", "c100/canonical_seg_v1_batch_v1_5.zip": "canonical_seg_b38.zip", "c100/canonical_seg_v1_batch_v1_6.zip": "canonical_seg_b39.zip", "c100/canonical_seg_v1_batch_v1_7.zip": "canonical_seg_b40.zip", "c100/canonical_seg_v1_batch_v1_8.zip": "canonical_seg_b41.zip", "c100/canonical_seg_v1_batch_v1_9.zip": "canonical_seg_b42.zip"}