{"c100/model_render_v0_FIX_batch_v0_0.zip": "rendered_models_b0.zip", "c100/model_render_v0_FIX_batch_v0_1.zip": "rendered_models_b1.zip", "c100/model_render_v0_FIX_batch_v0_10.zip": "rendered_models_b2.zip", "c100/model_render_v0_FIX_batch_v0_11.zip": "rendered_models_b3.zip", "c100/model_render_v0_FIX_batch_v0_12.zip": "rendered_models_b4.zip", "c100/model_render_v0_FIX_batch_v0_13.zip": "rendered_models_b5.zip", "c100/model_render_v0_FIX_batch_v0_14.zip": "rendered_models_b6.zip", "c100/model_render_v0_FIX_batch_v0_15.zip": "rendered_models_b7.zip", "c100/model_render_v0_FIX_batch_v0_16.zip": "rendered_models_b8.zip", "c100/model_render_v0_FIX_batch_v0_17.zip": "rendered_models_b9.zip", "c100/model_render_v0_FIX_batch_v0_18.zip": "rendered_models_b10.zip", "c100/model_render_v0_FIX_batch_v0_19.zip": "rendered_models_b11.zip", "c100/model_render_v0_FIX_batch_v0_2.zip": "rendered_models_b12.zip", "c100/model_render_v0_FIX_batch_v0_20.zip": "rendered_models_b13.zip", "c100/model_render_v0_FIX_batch_v0_21.zip": "rendered_models_b14.zip", "c100/model_render_v0_FIX_batch_v0_22.zip": "rendered_models_b15.zip", "c100/model_render_v0_FIX_batch_v0_23.zip": "rendered_models_b16.zip", "c100/model_render_v0_FIX_batch_v0_24.zip": "rendered_models_b17.zip", "c100/model_render_v0_FIX_batch_v0_25.zip": "rendered_models_b18.zip", "c100/model_render_v0_FIX_batch_v0_26.zip": "rendered_models_b19.zip", "c100/model_render_v0_FIX_batch_v0_27.zip": "rendered_models_b20.zip", "c100/model_render_v0_FIX_batch_v0_28.zip": "rendered_models_b21.zip", "c100/model_render_v0_FIX_batch_v0_29.zip": "rendered_models_b22.zip", "c100/model_render_v0_FIX_batch_v0_3.zip": "rendered_models_b23.zip", "c100/model_render_v0_FIX_batch_v0_4.zip": "rendered_models_b24.zip", "c100/model_render_v0_FIX_batch_v0_5.zip": "rendered_models_b25.zip", "c100/model_render_v0_FIX_batch_v0_6.zip": "rendered_models_b26.zip", "c100/model_render_v0_FIX_batch_v0_7.zip": "rendered_models_b27.zip", "c100/model_render_v0_FIX_batch_v0_8.zip": "rendered_models_b28.zip", "c100/model_render_v0_FIX_batch_v0_9.zip": "rendered_models_b29.zip", "c100/model_render_v1_FIX_batch_v1_0.zip": "rendered_models_b30.zip", "c100/model_render_v1_FIX_batch_v1_1.zip": "rendered_models_b31.zip", "c100/model_render_v1_FIX_batch_v1_10.zip": "rendered_models_b32.zip", "c100/model_render_v1_FIX_batch_v1_11.zip": "rendered_models_b33.zip", "c100/model_render_v1_FIX_batch_v1_12.zip": "rendered_models_b34.zip", "c100/model_render_v1_FIX_batch_v1_13.zip": "rendered_models_b35.zip", "c100/model_render_v1_FIX_batch_v1_14.zip": "rendered_models_b36.zip", "c100/model_render_v1_FIX_batch_v1_15.zip": "rendered_models_b37.zip", "c100/model_render_v1_FIX_batch_v1_16.zip": "rendered_models_b38.zip", "c100/model_render_v1_FIX_batch_v1_17.zip": "rendered_models_b39.zip", "c100/model_render_v1_FIX_batch_v1_18.zip": "rendered_models_b40.zip", "c100/model_render_v1_FIX_batch_v1_19.zip": "rendered_models_b41.zip", "c100/model_render_v1_FIX_batch_v1_2.zip": "rendered_models_b42.zip", "c100/model_render_v1_FIX_batch_v1_20.zip": "rendered_models_b43.zip", "c100/model_render_v1_FIX_batch_v1_21.zip": "rendered_models_b44.zip", "c100/model_render_v1_FIX_batch_v1_22.zip": "rendered_models_b45.zip", "c100/model_render_v1_FIX_batch_v1_23.zip": "rendered_models_b46.zip", "c100/model_render_v1_FIX_batch_v1_24.zip": "rendered_models_b47.zip", "c100/model_render_v1_FIX_batch_v1_25.zip": "rendered_models_b48.zip", "c100/model_render_v1_FIX_batch_v1_26.zip": "rendered_models_b49.zip", "c100/model_render_v1_FIX_batch_v1_27.zip": "rendered_models_b50.zip", "c100/model_render_v1_FIX_batch_v1_28.zip": "rendered_models_b51.zip", "c100/model_render_v1_FIX_batch_v1_29.zip": "rendered_models_b52.zip", "c100/model_render_v1_FIX_batch_v1_3.zip": "rendered_models_b53.zip", "c100/model_render_v1_FIX_batch_v1_30.zip": "rendered_models_b54.zip", "c100/model_render_v1_FIX_batch_v1_31.zip": "rendered_models_b55.zip", "c100/model_render_v1_FIX_batch_v1_32.zip": "rendered_models_b56.zip", "c100/model_render_v1_FIX_batch_v1_33.zip": "rendered_models_b57.zip", "c100/model_render_v1_FIX_batch_v1_34.zip": "rendered_models_b58.zip", "c100/model_render_v1_FIX_batch_v1_35.zip": "rendered_models_b59.zip", "c100/model_render_v1_FIX_batch_v1_36.zip": "rendered_models_b60.zip", "c100/model_render_v1_FIX_batch_v1_37.zip": "rendered_models_b61.zip", "c100/model_render_v1_FIX_batch_v1_38.zip": "rendered_models_b62.zip", "c100/model_render_v1_FIX_batch_v1_39.zip": "rendered_models_b63.zip", "c100/model_render_v1_FIX_batch_v1_4.zip": "rendered_models_b64.zip", "c100/model_render_v1_FIX_batch_v1_40.zip": "rendered_models_b65.zip", "c100/model_render_v1_FIX_batch_v1_41.zip": "rendered_models_b66.zip", "c100/model_render_v1_FIX_batch_v1_42.zip": "rendered_models_b67.zip", "c100/model_render_v1_FIX_batch_v1_5.zip": "rendered_models_b68.zip", "c100/model_render_v1_FIX_batch_v1_6.zip": "rendered_models_b69.zip", "c100/model_render_v1_FIX_batch_v1_7.zip": "rendered_models_b70.zip", "c100/model_render_v1_FIX_batch_v1_8.zip": "rendered_models_b71.zip", "c100/model_render_v1_FIX_batch_v1_9.zip": "rendered_models_b72.zip"}